{"last_tab":"","theme_preloader":"1","image_favicon":{"url":"https:\/\/unicktheme.com\/theme\/gardnma\/wp-content\/uploads\/2023\/04\/favicon-32x32-1.png","id":"1133","height":"32","width":"32","thumbnail":"https:\/\/unicktheme.com\/theme\/gardnma\/wp-content\/uploads\/2023\/04\/favicon-32x32-1.png"},"normal_logo_show":"1","light_logo":{"url":"https:\/\/unicktheme.com\/theme\/gardnma\/wp-content\/uploads\/2023\/05\/logo-2.png","id":"2247","height":"54","width":"214","thumbnail":"https:\/\/unicktheme.com\/theme\/gardnma\/wp-content\/uploads\/2023\/05\/logo-2-150x54.png"},"light_logo_dimension":{"width":"","height":"","units":"px"},"normal_logo_show2":"1","dark_logo":{"url":"https:\/\/unicktheme.com\/theme\/gardnma\/wp-content\/themes\/gardnma\/assets\/images\/resources\/logo-2.png","id":"","height":"","width":"","thumbnail":""},"dark_logo_dimension":{"width":"","height":"","units":"px"},"header_source_type":"d","header_elementor_template":"","header_style_settings":"header_v1","show_topbar1":"1","show_sticky_header":"1","show_search1":"1","office_hours":"Mon to Sat: 09:00 am to 05:00 pm","email":"needhelp@company.com","headedr_menu":"<li><a href=\"#\">Our Faqs <\/a><\/li>\r\n<li><a href=\"#\">Pricing <\/a><\/li>\r\n<li><a href=\"#\">Contact <\/a><\/li>","social_icons":"<li><a href=\"#\"><span class=\"icon-facebook\"><\/span><\/a><\/li>\r\n<li><a href=\"#\"><span class=\"icon-twitter\"><\/span><\/a><\/li>\r\n<li><a href=\"#\"><span class=\"icon-pinterest\"><\/span><\/a><\/li>\r\n<li><a href=\"#\"><span class=\"icon-instagram\"><\/span><\/a><\/li>","btn_title":"Get A Quote","btn_link":"","phone_title":"Call Anytime ","phone_no":"92 666 888 0000","phone_tel":"926668880000","office_hours_title2":" Opening time","office_hours2":"Mon-Fri:9.00-19:00","phone_title2":"Call anytime","phone_no2":"+ 98 (000) - 9630","phone_tel2":"+980009630","email_title2":" Send email","email2":"info@company.com","address_title2":" 380 St Kilda Road","address2":"Melbourne, Australia","social_icons_title2":"Follow Now","social_icons2":"                                <li><a href=\"#\"><span class=\"icon-twitter\"><\/span><\/a><\/li>\r\n                                <li><a href=\"#\"><span class=\"icon-facebook\"><\/span><\/a><\/li>\r\n                                <li><a href=\"#\"><span class=\"icon-pinterest\"><\/span><\/a><\/li>\r\n                                <li><a href=\"#\"><span class=\"icon-instagram\"><\/span><\/a><\/li>","btn_title2":"Book Appointment","btn_link2":"","phone_title3":"Call In Anytime","phone_no3":"+92 ( 8800 ) - 6780","phone_tel3":"+9288006780","btn_note3":"We do not received <br> extra charges","btn_title3":"Book Appointment","btn_link3":"#","show_mobile_menu":"1","show_mobile_email":"1","mobile_email":"needhelp@company.com","show_mobile_phone":"1","mobile_phone_no":"44400077766","show_mobile_social_icons":"1","mobile_social_icons":"<a href=\"#\" class=\"fab fa-twitter\"><\/a>\r\n                <a href=\"#\" class=\"fab fa-facebook-square\"><\/a>\r\n                <a href=\"#\" class=\"fab fa-pinterest-p\"><\/a>\r\n                <a href=\"#\" class=\"fab fa-instagram\"><\/a>","footer_source_type":"e","footer_elementor_template":"2234","copyright_text":"","blog_source_type":"d","blog_elementor_template":"","blog_page_banner":"1","blog_banner_title":"","blog_page_background":{"url":"https:\/\/unicktheme.com\/theme\/gardnma\/wp-content\/themes\/gardnma\/assets\/images\/background\/page-title.jpg","id":"","height":"","width":"","thumbnail":""},"blog_sidebar_layout":"right","blog_page_sidebar":"default-sidebar","blog_post_comments":"1","blog_post_author":"1","blog_post_date":"1","tag_source_type":"d","tag_elementor_template":"","tag_page_banner":"1","tag_banner_title":"","tag_page_background":{"url":"https:\/\/unicktheme.com\/theme\/gardnma\/wp-content\/themes\/gardnma\/assets\/images\/background\/page-title.jpg","id":"","height":"","width":"","thumbnail":""},"tag_sidebar_layout":"right","tag_page_sidebar":"default-sidebar","archive_source_type":"d","archive_elementor_template":"","archive_page_banner":"1","archive_banner_title":"","archive_page_background":{"url":"https:\/\/unicktheme.com\/theme\/gardnma\/wp-content\/themes\/gardnma\/assets\/images\/background\/page-title.jpg","id":"","height":"","width":"","thumbnail":""},"archive_sidebar_layout":"right","archive_page_sidebar":"","author_source_type":"d","author_elementor_template":"","author_page_banner":"1","author_banner_title":"","author_page_background":{"url":"https:\/\/unicktheme.com\/theme\/gardnma\/wp-content\/themes\/gardnma\/assets\/images\/background\/page-title.jpg","id":"","height":"","width":"","thumbnail":""},"author_sidebar_layout":"right","author_page_sidebar":"","category_source_type":"d","category_elementor_template":"","category_page_banner":"1","category_banner_title":"","category_page_background":{"url":"https:\/\/unicktheme.com\/theme\/gardnma\/wp-content\/themes\/gardnma\/assets\/images\/background\/page-title.jpg","id":"","height":"","width":"","thumbnail":""},"category_sidebar_layout":"right","category_page_sidebar":"","search_source_type":"d","search_elementor_template":"","search_page_banner":"1","search_banner_title":"","search_page_background":{"url":"https:\/\/unicktheme.com\/theme\/gardnma\/wp-content\/themes\/gardnma\/assets\/images\/background\/page-title.jpg","id":"","height":"","width":"","thumbnail":""},"search_sidebar_layout":"right","search_page_sidebar":"","404_source_type":"d","404_elementor_template":"","404_page_banner":"1","404_banner_title":"","404_page_background":{"url":"https:\/\/unicktheme.com\/theme\/gardnma\/wp-content\/themes\/gardnma\/assets\/images\/background\/page-title.jpg","id":"","height":"","width":"","thumbnail":""},"404_page_title":"","404_page_text":"","back_home_btn":"1","back_home_btn_label":"Back To Home","single_source_type":"d","single_post_date":"1","single_post_author":"1","single_post_comments":"1","single_post_tag":"1","single_social_share":"1","facebook_sharing":"1","twitter_sharing":"1","linkedin_sharing":"1","pinterest_sharing":"","reddit_sharing":"","tumblr_sharing":"","digg_sharing":"","single_post_author_box":"1","shop_source_type":"d","shop_elementor_template":"","shop_page_banner":"1","shop_banner_title":"","shop_page_background":{"url":"https:\/\/unicktheme.com\/theme\/gardnma\/wp-content\/themes\/gardnma\/assets\/images\/pagetitle.jpg","id":"","height":"","width":"","thumbnail":""},"shop_sidebar_layout":"right","shop_page_sidebar":"","shop_column":"2","shop_product":"8","product_source_type":"d","product_elementor_template":"","product_page_banner":"1","product_banner_title":"","product_page_background":{"url":"https:\/\/unicktheme.com\/theme\/gardnma\/wp-content\/themes\/gardnma\/assets\/images\/pagetitle.jpg","id":"","height":"","width":"","thumbnail":""},"product_sidebar_layout":"right","product_page_sidebar":"","custom_sidebar_name":[""],"use_custom_heading_style_h1":"","h1_typography":{"font-family":"","font-options":"","google":"1","font-backup":"","font-weight":"","font-style":"","subsets":"","text-align":"","font-size":"","line-height":"","color":""},"use_custom_heading_style_h2":"","h2_typography":{"font-family":"","font-options":"","google":"1","font-backup":"","font-weight":"","font-style":"","subsets":"","text-align":"","font-size":"","line-height":"","color":""},"use_custom_heading_style_h3":"","h3_typography":{"font-family":"","font-options":"","google":"1","font-backup":"","font-weight":"","font-style":"","subsets":"","text-align":"","font-size":"","line-height":"","color":""},"use_custom_heading_style_h4":"","h4_typography":{"font-family":"","font-options":"","google":"1","font-backup":"","font-weight":"","font-style":"","subsets":"","text-align":"","font-size":"","line-height":"","color":""},"use_custom_heading_style_h5":"","h5_typography":{"font-family":"","font-options":"","google":"1","font-backup":"","font-weight":"","font-style":"","subsets":"","text-align":"","font-size":"","line-height":"","color":""},"use_custom_heading_style_h6":"","h6_typography":{"font-family":"","font-options":"","google":"1","font-backup":"","font-weight":"","font-style":"","subsets":"","text-align":"","font-size":"","line-height":"","color":""},"body_custom_fonts":"","body_typography":{"font-family":"","font-options":"","google":"1","font-backup":"","font-weight":"","font-style":"","subsets":"","text-align":"","font-size":"","line-height":"","color":""},"redux-backup":1}